<?xml version="1.0" encoding="UTF-8"?><?xml-stylesheet type='text/xsl' href='_UpgradeReport_Files/UpgradeReport.xslt'?><UpgradeLog>
<Properties><Property Name="Solution" Value="PointMass_Euler">
</Property><Property Name="Solution File" Value="C:\Users\dbahin\Documents\Lecture_notes\PhysicsLab\Students\Lab1_PointMass_Euler\PointMass_Euler.sln">
</Property><Property Name="Date" Value="Thursday, September 30, 2010">
</Property><Property Name="Time" Value="13:04 PM">
</Property><Property Name="Log Number" Value="3">
</Property></Properties><Event ErrorLevel="0" Project="PointMass_Euler" Source="PointMass_Euler\PointMass_Euler.vcproj" Description="Converting project file 'C:\Users\dbahin\Documents\Lecture_notes\PhysicsLab\Students\Lab1_PointMass_Euler\PointMass_Euler\PointMass_Euler.vcproj'.">
</Event><Event ErrorLevel="1" Project="PointMass_Euler" Source="PointMass_Euler\PointMass_Euler.vcproj" Description="VCWebServiceProxyGeneratorTool is no longer supported. The tool has been removed from your project settings.">
</Event><Event ErrorLevel="1" Project="PointMass_Euler" Source="PointMass_Euler\PointMass_Euler.vcproj" Description="Attribute 'Detect64BitPortabilityProblems' of 'VCCLCompilerTool' is not supported in this version and has been removed during conversion.">
</Event><Event ErrorLevel="1" Project="PointMass_Euler" Source="PointMass_Euler\PointMass_Euler.vcproj" Description="Attribute 'Detect64BitPortabilityProblems' of 'VCCLCompilerTool' is not supported in this version and has been removed during conversion.">
</Event><Event ErrorLevel="1" Project="PointMass_Euler" Source="PointMass_Euler\PointMass_Euler.vcproj" Description="MSB8012: $(TargetPath) ('C:\Users\dbahin\Documents\Lecture_notes\PhysicsLab\Students\Lab1_PointMass_Euler\PointMass_Euler\Debug\PointMass_Euler.exe') does not match the Linker's OutputFile property value 'Debug\PointMass_Euler.exe' ('C:\Users\dbahin\Documents\Lecture_notes\PhysicsLab\Students\Lab1_PointMass_Euler\Debug\PointMass_Euler.exe') in project configuration 'Debug|Win32'. This may cause your project to build incorrectly. To correct this, please make sure that $(TargetPath) property value matches the value specified in %(Link.OutputFile).">
</Event><Event ErrorLevel="1" Project="PointMass_Euler" Source="PointMass_Euler\PointMass_Euler.vcproj" Description="MSB8012: $(TargetPath) ('C:\Users\dbahin\Documents\Lecture_notes\PhysicsLab\Students\Lab1_PointMass_Euler\PointMass_Euler\Release\PointMass_Euler.exe') does not match the Linker's OutputFile property value 'Release\PointMass_Euler.exe' ('C:\Users\dbahin\Documents\Lecture_notes\PhysicsLab\Students\Lab1_PointMass_Euler\Release\PointMass_Euler.exe') in project configuration 'Release|Win32'. This may cause your project to build incorrectly. To correct this, please make sure that $(TargetPath) property value matches the value specified in %(Link.OutputFile).">
</Event><Event ErrorLevel="0" Project="PointMass_Euler" Source="PointMass_Euler\PointMass_Euler.vcproj" Description="Done converting to new project file 'C:\Users\dbahin\Documents\Lecture_notes\PhysicsLab\Students\Lab1_PointMass_Euler\PointMass_Euler\PointMass_Euler.vcxproj'.">
</Event><Event ErrorLevel="3" Project="PointMass_Euler" Source="PointMass_Euler\PointMass_Euler.vcproj" Description="Converted">
</Event><Event ErrorLevel="0" Project="" Source="PointMass_Euler.sln" Description="Solution converted successfully">
</Event><Event ErrorLevel="3" Project="" Source="PointMass_Euler.sln" Description="Converted">
</Event></UpgradeLog>