<?xml version="1.0" encoding="UTF-8"?><?xml-stylesheet type='text/xsl' href='_UpgradeReport_Files/UpgradeReport.xslt'?><UpgradeLog>
<Properties><Property Name="Solution" Value="Point_Mass_Velocity_Verlet">
</Property><Property Name="Solution File" Value="C:\Users\dbahin\Documents\Lecture_notes\PhysicsLab\Students\Lab2_Velocity_Verlet\Point_Mass_Velocity_Verlet.sln">
</Property><Property Name="Date" Value="Thursday, September 30, 2010">
</Property><Property Name="Time" Value="13:05 PM">
</Property><Property Name="Log Number" Value="3">
</Property></Properties><Event ErrorLevel="0" Project="Point_Mass_Velocity_Verlet" Source="Point_Mass_Velocity_Verlet\Point_Mass_Velocity_Verlet.vcproj" Description="Converting project file 'C:\Users\dbahin\Documents\Lecture_notes\PhysicsLab\Students\Lab2_Velocity_Verlet\Point_Mass_Velocity_Verlet\Point_Mass_Velocity_Verlet.vcproj'.">
</Event><Event ErrorLevel="1" Project="Point_Mass_Velocity_Verlet" Source="Point_Mass_Velocity_Verlet\Point_Mass_Velocity_Verlet.vcproj" Description="VCWebServiceProxyGeneratorTool is no longer supported. The tool has been removed from your project settings.">
</Event><Event ErrorLevel="1" Project="Point_Mass_Velocity_Verlet" Source="Point_Mass_Velocity_Verlet\Point_Mass_Velocity_Verlet.vcproj" Description="Attribute 'Detect64BitPortabilityProblems' of 'VCCLCompilerTool' is not supported in this version and has been removed during conversion.">
</Event><Event ErrorLevel="1" Project="Point_Mass_Velocity_Verlet" Source="Point_Mass_Velocity_Verlet\Point_Mass_Velocity_Verlet.vcproj" Description="Attribute 'Detect64BitPortabilityProblems' of 'VCCLCompilerTool' is not supported in this version and has been removed during conversion.">
</Event><Event ErrorLevel="1" Project="Point_Mass_Velocity_Verlet" Source="Point_Mass_Velocity_Verlet\Point_Mass_Velocity_Verlet.vcproj" Description="MSB8012: $(TargetPath) ('C:\Users\dbahin\Documents\Lecture_notes\PhysicsLab\Students\Lab2_Velocity_Verlet\Point_Mass_Velocity_Verlet\Debug\Point_Mass_Velocity_Verlet.exe') does not match the Linker's OutputFile property value 'Debug\Point_Mass_Velocity_Verlet.exe' ('C:\Users\dbahin\Documents\Lecture_notes\PhysicsLab\Students\Lab2_Velocity_Verlet\Debug\Point_Mass_Velocity_Verlet.exe') in project configuration 'Debug|Win32'. This may cause your project to build incorrectly. To correct this, please make sure that $(TargetPath) property value matches the value specified in %(Link.OutputFile).">
</Event><Event ErrorLevel="1" Project="Point_Mass_Velocity_Verlet" Source="Point_Mass_Velocity_Verlet\Point_Mass_Velocity_Verlet.vcproj" Description="MSB8012: $(TargetPath) ('C:\Users\dbahin\Documents\Lecture_notes\PhysicsLab\Students\Lab2_Velocity_Verlet\Point_Mass_Velocity_Verlet\Release\Point_Mass_Velocity_Verlet.exe') does not match the Linker's OutputFile property value 'Release\Point_Mass_Velocity_Verlet.exe' ('C:\Users\dbahin\Documents\Lecture_notes\PhysicsLab\Students\Lab2_Velocity_Verlet\Release\Point_Mass_Velocity_Verlet.exe') in project configuration 'Release|Win32'. This may cause your project to build incorrectly. To correct this, please make sure that $(TargetPath) property value matches the value specified in %(Link.OutputFile).">
</Event><Event ErrorLevel="0" Project="Point_Mass_Velocity_Verlet" Source="Point_Mass_Velocity_Verlet\Point_Mass_Velocity_Verlet.vcproj" Description="Done converting to new project file 'C:\Users\dbahin\Documents\Lecture_notes\PhysicsLab\Students\Lab2_Velocity_Verlet\Point_Mass_Velocity_Verlet\Point_Mass_Velocity_Verlet.vcxproj'.">
</Event><Event ErrorLevel="3" Project="Point_Mass_Velocity_Verlet" Source="Point_Mass_Velocity_Verlet\Point_Mass_Velocity_Verlet.vcproj" Description="Converted">
</Event><Event ErrorLevel="0" Project="" Source="Point_Mass_Velocity_Verlet.sln" Description="Solution converted successfully">
</Event><Event ErrorLevel="3" Project="" Source="Point_Mass_Velocity_Verlet.sln" Description="Converted">
</Event></UpgradeLog>