<?xml version="1.0" encoding="UTF-8"?><?xml-stylesheet type='text/xsl' href='_UpgradeReport_Files/UpgradeReport.xslt'?><UpgradeLog>
<Properties><Property Name="Solution" Value="PointMass_Verlet_Integration">
</Property><Property Name="Solution File" Value="C:\Documents and Settings\dbahin\My Documents\PhysicsLab\Students\Lab3_Verlet_Integration\PointMass_Verlet_Integration.sln">
</Property><Property Name="Date" Value="Wednesday, May 06, 2009">
</Property><Property Name="Time" Value="14:23 PM">
</Property><Property Name="Log Number" Value="2">
</Property></Properties><Event ErrorLevel="0" Project="PointMass_Verlet_Integration" Source="PointMass_Verlet_Integration.vcproj" Description="Web deployment to the local IIS server is no longer supported. The Web Deployment build tool has been removed from your project settings.">
</Event><Event ErrorLevel="1" Project="PointMass_Verlet_Integration" Source="PointMass_Verlet_Integration.vcproj" Description="This application has been updated to include settings related to the User Account Control (UAC) feature of Windows Vista. By default, when run on Windows Vista with UAC enabled, this application is marked to run with the same privileges as the process that launched it. This marking also disables the application from running with virtualization. You can change UAC related settings from the Property Pages of the project.">
</Event><Event ErrorLevel="0" Project="PointMass_Verlet_Integration" Source="PointMass_Verlet_Integration.vcproj" Description="Project upgraded successfully.">
</Event><Event ErrorLevel="3" Project="PointMass_Verlet_Integration" Source="PointMass_Verlet_Integration.vcproj" Description="Converted">
</Event><Event ErrorLevel="0" Project="" Source="PointMass_Verlet_Integration.sln" Description="Solution converted successfully">
</Event><Event ErrorLevel="3" Project="" Source="PointMass_Verlet_Integration.sln" Description="Converted">
</Event></UpgradeLog>