<?xml version="1.0" encoding="UTF-8"?><?xml-stylesheet type='text/xsl' href='_UpgradeReport_Files/UpgradeReport.xslt'?><UpgradeLog>
<Properties><Property Name="Solution" Value="PointMass_Verlet_Integration">
</Property><Property Name="Solution File" Value="C:\Users\dbahin\Documents\Lecture_notes\PhysicsLab\Students\Lab3_Verlet_Integration\PointMass_Verlet_Integration.sln">
</Property><Property Name="Date" Value="Thursday, September 30, 2010">
</Property><Property Name="Time" Value="13:05 PM">
</Property><Property Name="Log Number" Value="3">
</Property></Properties><Event ErrorLevel="0" Project="PointMass_Verlet_Integration" Source="PointMass_Verlet_Integration.vcproj" Description="Converting project file 'C:\Users\dbahin\Documents\Lecture_notes\PhysicsLab\Students\Lab3_Verlet_Integration\PointMass_Verlet_Integration.vcproj'.">
</Event><Event ErrorLevel="1" Project="PointMass_Verlet_Integration" Source="PointMass_Verlet_Integration.vcproj" Description="VCWebServiceProxyGeneratorTool is no longer supported. The tool has been removed from your project settings.">
</Event><Event ErrorLevel="1" Project="PointMass_Verlet_Integration" Source="PointMass_Verlet_Integration.vcproj" Description="Attribute 'Detect64BitPortabilityProblems' of 'VCCLCompilerTool' is not supported in this version and has been removed during conversion.">
</Event><Event ErrorLevel="1" Project="PointMass_Verlet_Integration" Source="PointMass_Verlet_Integration.vcproj" Description="Attribute 'Detect64BitPortabilityProblems' of 'VCCLCompilerTool' is not supported in this version and has been removed during conversion.">
</Event><Event ErrorLevel="0" Project="PointMass_Verlet_Integration" Source="PointMass_Verlet_Integration.vcproj" Description="Done converting to new project file 'C:\Users\dbahin\Documents\Lecture_notes\PhysicsLab\Students\Lab3_Verlet_Integration\PointMass_Verlet_Integration.vcxproj'.">
</Event><Event ErrorLevel="3" Project="PointMass_Verlet_Integration" Source="PointMass_Verlet_Integration.vcproj" Description="Converted">
</Event><Event ErrorLevel="0" Project="" Source="PointMass_Verlet_Integration.sln" Description="Solution converted successfully">
</Event><Event ErrorLevel="3" Project="" Source="PointMass_Verlet_Integration.sln" Description="Converted">
</Event></UpgradeLog>